{"Validation Accuracy (Batch)":0.5111111111111111,"Train Loss (Epoch)":1.8852840229473282,"Train Accuracy (Batch)":0.4890625,"_runtime":105.432237724,"Train Loss (Batch)":1.857381820678711,"_timestamp":1.7318612459582796e+09,"_wandb":{"runtime":106},"Train Accuracy (Epoch)":0.4791666666666667,"Validation Loss (Epoch)":1.8389762804425995,"_step":1037,"Validation Accuracy (Epoch)":0.5111111111111111,"Validation Loss (Batch)":1.7207322120666504}