{"Train Loss (Epoch)":1.9047087800186293,"_runtime":36.366990692,"Train Accuracy (Batch)":0.5026676829268293,"Validation Loss (Epoch)":1.9218967084226937,"_wandb":{"runtime":49},"Train Loss (Batch)":1.913957953453064,"_timestamp":1.7318611258885832e+09,"Validation Loss (Batch)":1.7650179862976074,"Validation Accuracy (Batch)":0.4411111111111111,"Validation Accuracy (Epoch)":0.4411111111111111,"_step":328,"Train Accuracy (Epoch)":0.4633333333333333}