{"Train Loss (Epoch)":1.5940099595922284,"Validation Accuracy (Epoch)":0.5577777777777778,"Validation Accuracy (Batch)":0.5577777777777778,"Validation Loss (Epoch)":1.8967074073594192,"Train Accuracy (Batch)":0.87,"_wandb":{"runtime":2968},"Train Loss (Batch)":1.5513631105422974,"_runtime":2968.179093823,"_step":28799,"Validation Loss (Batch)":1.8309334516525269,"Train Accuracy (Epoch)":0.87,"_timestamp":1.731860812211176e+09}